"","Q_MC","Q_LOB","Q_ROB","Depth"
"1",459.214260426086,1304.99168967572,2534.02813565096,29.3561427536902
"2",3083.41083372121,5053.64190362118,7975.15421526511,84.4096788899329
