"","LOB","MC","ROB"
"1",42906.5234375,42906.5234375,42906.5234375
