"","LOB","MC","ROB"
"1",6210.56827616312,4307.20987883513,6210.56827616312
