"","LOB","MC","ROB"
"1",40888.7421875,40888.7421875,40888.7421875
