"","LOB","MC","ROB"
"1",212.472218754582,1815.22131012202,NA
