"","LOB","MC","ROB"
"Low_Prob",4.39507284115469,0.174446607685662,4.39507284115469
"Med_Prob",9.91753376072907,0.369940558626851,9.91753376072907
