"","LOB","MC","ROB"
"Low_Prob",NA,26.2292575836182,1482.29514751949
"Med_Prob",26.2292575836182,54.0106506037642,2165.64118089758
