"","LOB","MC","ROB"
"Low_Prob_1",0,0,0
"Low_Prob_2",3369.2626953125,3369.2626953125,3369.2626953125
"Low_Prob_3",NA,NA,NA
"Low_Prob_4",NA,NA,NA
"Med_Prob_1",NA,34.9103081768185,35.0154238591276
"Med_Prob_2",NA,199.980854121246,199.987812757405
"Med_Prob_3",NA,NA,NA
"Med_Prob_4",NA,NA,NA
"High_Prob_1",NA,63.5453268061846,72.1057524229544
"High_Prob_2",NA,199.958275014953,199.972192287271
"High_Prob_3",NA,NA,NA
"High_Prob_4",NA,NA,NA
