"","LOB","MC","ROB"
"Low_Prob",NA,26.2250989778973,NA
"Med_Prob",22.9843254089355,48.4306756065148,22.9843254089355
