"","LOB","MC","ROB"
"Low_Prob",61.8137588500977,NA,61.8137588500977
"Med_Prob",89.7058664818237,61.8137588500977,89.7058664818237
