"","LOB","MC","ROB"
"Low_Prob",23.7939922490193,10.6436489252614,23.6625124513817
"Med_Prob",53.8284271079339,24.1277443800169,53.5343030392694
