"","LOB","MC","ROB"
"Low_Prob",8508.30789466594,0.531339186076743,13105.7658375113
"Med_Prob",8727.78406190274,1.04178891196281,13498.0876090501
