"","LOB","MC","ROB"
"Low_Prob",2190.25188027849,120.470925722582,1709.71955498727
"Med_Prob",2534.7823564389,174.165838624242,2017.22686568396
