"","LOB","MC","ROB"
"Low_Prob",278.884779413029,NA,664.456250961934
"Med_Prob",295.580833346698,24.5054531097412,691.376653595658
