"","LOB","MC","ROB"
"Low_Prob",534.573708887476,122.572456245526,149.612231208497
"Med_Prob",776.718343074857,236.041780842095,325.694205967502
