"","LOB","MC","ROB"
"Low_Prob_1",0,0,0
"Low_Prob_2",8327.5,8327.5,8327.5
"Low_Prob_3",NA,NA,NA
"Low_Prob_4",NA,NA,NA
"Med_Prob_1",251.033666868718,0.00717261073696966,195.73288750175
"Med_Prob_2",1623.35710745766,6.13796821082858,1202.22761563639
"Med_Prob_3",NA,NA,NA
"Med_Prob_4",NA,NA,NA
"High_Prob_1",421.611417346509,0.0349900015025083,324.831760537796
"High_Prob_2",1310.87274673409,2.41311092824813,977.520227124196
"High_Prob_3",NA,NA,NA
"High_Prob_4",NA,NA,NA
