"","LOB","MC","ROB"
"Low_Prob_1",275.971389432742,94.3122322426725,659.795727021901
"Low_Prob_2",899.25910970919,NA,4333.52057963303
"Low_Prob_3",NA,NA,NA
"Low_Prob_4",NA,NA,NA
"Med_Prob_1",329.302700974031,42.5311256987423,747.054952204694
"Med_Prob_2",751.961807806763,NA,2950.5065348328
"Med_Prob_3",NA,NA,NA
"Med_Prob_4",NA,NA,NA
"High_Prob_1",382.195962732096,NA,839.416879126751
"High_Prob_2",647.642189492758,NA,1992.05405821001
"High_Prob_3",NA,NA,NA
"High_Prob_4",NA,NA,NA
