"","LOB","MC","ROB"
"Low_Prob",7.5255126120601,0.0443827567362186,5.79704239758244
"Med_Prob",71.7805726887018,0.147942522454062,57.1717656186065
