"","LOB","MC","ROB"
"1",8000.26796232544,48.549788809637,20748.4824286674
