"","LOB","MC","ROB"
"1",8508.30789466594,0.531339186076743,13105.7658375113
"2",28466.2832,2132.50741539088,28466.2832
