"","LOB","MC","ROB"
"1",860.317812888794,182.15955721578,1497.72532807377
