"","LOB","MC","ROB"
"1",278.884779413029,24.5054531097412,664.456250961934
"2",30364.5777546361,9369.14641918317,40888.7421875
