"","LOB","MC","ROB"
"Low_Prob_1",68.6949376812095,189.806456862375,138.723057525584
"Low_Prob_2",NA,300.002857210836,NA
"Low_Prob_3",NA,992.354271927954,NA
"Low_Prob_4",NA,NA,NA
"Med_Prob_1",185.026597921822,1886.90798288322,277.1420594796
"Med_Prob_2",NA,NA,NA
"Med_Prob_3",NA,NA,NA
"Med_Prob_4",NA,NA,NA
"High_Prob_1",386.068327884119,3039.30904787543,468.076411277346
"High_Prob_2",NA,NA,NA
"High_Prob_3",NA,NA,NA
"High_Prob_4",NA,NA,NA
