"","LOB","MC","ROB"
"1",12138.199414079,7813.59729988876,20279.500745532
