"","LOB","MC","ROB"
"1",2906.96866422439,876.993061542974,2906.96866422439
