"","LOB","MC","ROB"
"1",1307.83161288586,3708.50681661493,2257.3548758089
