"","LOB","MC","ROB"
"1",50922.73828125,21579.3089187063,50922.73828125
