"","LOB","MC","ROB"
"1",12047.9728477671,183.925188019395,20585.6436173569
