"","LOB","MC","ROB"
"1",3237.94063273238,1722.40724929369,3256.22020069156
