"","LOB","MC","ROB"
"Low_Prob",22.4362313647566,0.0570028027220771,737.706982558527
"Med_Prob",170.636600838169,0.120167673358664,1114.43316500343
