"","LOB","MC","ROB"
"Low_Prob_Lower",26.2292575836182,26.2292575836182,26.2292575836182
"Low_Prob_Upper",41750.16796875,41750.16796875,41750.16796875
"Med_Prob_Lower",88.9481938466747,301.863932811914,2424.92420520895
"Med_Prob_Upper",2506.96379401576,1971.91652962196,6891.19986800985
"High_Prob_Lower",381.64922873319,510.2808477582,3208.78506080009
"High_Prob_Upper",2021.57538121694,1592.93341090957,6076.53098585653
