"","LOB","MC","ROB"
"Low_Prob_Lower",0,0,0
"Low_Prob_Upper",3369.2626953125,3369.2626953125,3369.2626953125
"Med_Prob_Lower",342.51147219013,34.8187845284602,0.0402905297258115
"Med_Prob_Upper",1293.94380990041,344.058697869954,480.265248351026
"High_Prob_Lower",497.301066042863,65.9577076661514,0.30277597619663
"High_Prob_Upper",1112.05782624148,265.133411136428,307.616417404155
