"","LOB","MC","ROB"
"Low_Prob_Lower",167.548273997447,11.633422938291,0.0025268539452459
"Low_Prob_Upper",1509.91078033777,447.839685275177,689.281909142216
"Med_Prob_Lower",342.51147219013,34.8187845284602,0.0402905297258115
"Med_Prob_Upper",1293.94383603916,344.058697869954,480.265248351026
"High_Prob_Lower",497.301066042863,65.9577076661514,0.30277597619663
"High_Prob_Upper",1112.05782624151,265.133411136428,307.616417404155
