"","LOB","MC","ROB"
"Low_Prob_Lower",NA,87.8353690389176,1286.93692776988
"Low_Prob_Upper",2206.46352947982,1737.41256644486,6393.86472327599
"Med_Prob_Lower",56.2918767778515,213.592070666029,2023.99842467556
"Med_Prob_Upper",1769.67834833271,1395.83900606526,5627.55541782491
"High_Prob_Lower",114.800736756033,359.525716776723,2659.76819491926
"High_Prob_Upper",1424.61995736392,1125.35128056328,4973.69642015979
