"","LOB","MC","ROB"
"Low_Prob_Lower",24.5054531097412,24.5054531097412,24.5054531097412
"Low_Prob_Upper",40888.7421875,40888.7421875,40888.7421875
"Med_Prob_Lower",714.181229667159,300.536220787922,2264.17405949814
"Med_Prob_Upper",4197.7078905049,2045.91954767638,6735.24428494343
"High_Prob_Lower",1175.87807182221,512.605124365393,3039.69136552355
"High_Prob_Upper",3435.04378097029,1642.69145333485,5912.26363045159
