"","LOB","MC","ROB"
"Low_Prob_1",0,0,0
"Low_Prob_2",28466.2832,28466.2832,28466.2832
"Low_Prob_3",NA,NA,NA
"Low_Prob_4",NA,NA,NA
"Med_Prob_1",9087.17484269895,81.9059973516295,22397.2253760134
"Med_Prob_2",19621.9369461695,774.777398847793,NA
"Med_Prob_3",NA,NA,NA
"Med_Prob_4",NA,NA,NA
"High_Prob_1",11277.4946636692,148.285136547427,25418.4495888419
"High_Prob_2",17793.3926183271,586.756231355889,NA
"High_Prob_3",NA,NA,NA
"High_Prob_4",NA,NA,NA
