"","LOB","MC","ROB"
"Low_Prob_Lower",499.811038083679,86.153538132067,1152.81014014696
"Low_Prob_Upper",3726.89288818143,1796.03643879234,6232.53383130446
"Med_Prob_Lower",513.199590453981,211.597310435071,1870.14955881996
"Med_Prob_Upper",3034.31864515718,1434.31313392088,5459.82827166831
"High_Prob_Lower",843.494971058547,358.942481292174,2495.88219238467
"High_Prob_Upper",2478.45346038561,1150.01715264126,4802.50151954539
