"","LOB","MC","ROB"
"Low_Prob_1",0,0,0
"Low_Prob_2",16912.978515625,16912.978515625,16912.978515625
"Low_Prob_3",NA,NA,NA
"Low_Prob_4",NA,NA,NA
"Med_Prob_1",71.5099977957922,23.3674181698898,70.4855068954121
"Med_Prob_2",584.525513818612,194.945367936225,578.420160632083
"Med_Prob_3",NA,NA,NA
"Med_Prob_4",NA,NA,NA
"High_Prob_1",126.445271626607,41.465172622569,124.723924486164
"High_Prob_2",455.594966091239,151.377677837243,450.537256683156
"High_Prob_3",NA,NA,NA
"High_Prob_4",NA,NA,NA
