"","LOB","MC","ROB"
"Low_Prob",NA,NA,NA
"Med_Prob",46.5073356628418,46.5073356628418,46.5073356628418
