"","LOB","MC","ROB"
"Low_Prob",10.9747945208696,703.377798117142,NA
"Med_Prob",11.8682429960353,700.201353456897,7.66123008728027
