"","LOB","MC","ROB"
"Low_Prob_Lower",1262.20809824467,NA,2919.45996911471
"Low_Prob_Upper",6481.63395578301,NA,12443.9555368423
"Med_Prob_Lower",1760.478561684,NA,4513.97924714486
"Med_Prob_Upper",5398.05042025069,NA,11205.4236362181
"High_Prob_Lower",2128.46942228958,NA,5818.69770576882
"High_Prob_Upper",5094.19391173863,NA,10104.3926764543
