"","LOB","MC","ROB"
"Low_Prob_Lower",0,0,0
"Low_Prob_Upper",28466.283203125,28466.283203125,28466.283203125
"Med_Prob_Lower",1997.77510438271,NA,5343.99504610299
"Med_Prob_Upper",6966.55614983524,NA,13220.5097283462
"High_Prob_Lower",2414.36091350525,NA,6897.29049463302
"High_Prob_Upper",6170.23566667696,NA,11937.5689014184
