"","LOB","MC","ROB"
"Low_Prob_1",0,0,0
"Low_Prob_2",28466.2832,28466.2832,28466.2832
"Low_Prob_3",NA,NA,NA
"Low_Prob_4",NA,NA,NA
"Med_Prob_1",8031.98361241332,55.911930640157,21047.2998797201
"Med_Prob_2",16896.0953942253,495.97746023616,NA
"Med_Prob_3",NA,NA,NA
"Med_Prob_4",NA,NA,NA
"High_Prob_1",9769.56419894282,99.5977955566616,25584.3373419494
"High_Prob_2",15431.9255461912,379.199448494841,NA
"High_Prob_3",NA,NA,NA
"High_Prob_4",NA,NA,NA
