"","LOB","MC","ROB"
"Low_Prob_Lower",26.2292575836182,NA,1352.09278180264
"Low_Prob_Upper",37.5314808123451,4831.07692243043,39490.0379810246
"Med_Prob_Lower",26.2292575836182,134.901739494006,4245.93426114339
"Med_Prob_Upper",NA,3205.41810939959,30753.6165912242
"High_Prob_Lower",NA,337.605997396396,6595.35279254039
"High_Prob_Upper",NA,2200.1738334633,24017.2513274948
