"","LOB","MC","ROB"
"Low_Prob_1",49.8283287993601,5693.86727219904,1371.83462898186
"Low_Prob_2",NA,NA,40113.4905339354
"Low_Prob_3",NA,NA,NA
"Low_Prob_4",NA,NA,NA
"Med_Prob_1",27.5453978711873,148.725737188597,3763.35809874312
"Med_Prob_2",NA,3704.0951084995,30790.6515622471
"Med_Prob_3",NA,NA,NA
"Med_Prob_4",NA,NA,NA
"High_Prob_1",NA,374.158548535246,6688.31048766882
"High_Prob_2",NA,2510.01049985124,23969.394609367
"High_Prob_3",NA,NA,NA
"High_Prob_4",NA,NA,NA
