"","LOB","MC","ROB"
"Low_Prob_1",9911.55644136569,7338.24360120388,9911.55644136569
"Low_Prob_2",NA,NA,NA
"Low_Prob_3",NA,NA,NA
"Low_Prob_4",NA,NA,NA
"Med_Prob_1",246.268309590265,4787.01977892278,246.268309590265
"Med_Prob_2",6786.77927318888,NA,6786.77927318888
"Med_Prob_3",NA,NA,NA
"Med_Prob_4",NA,NA,NA
"High_Prob_1",646.232268085031,193.833633110271,646.232268085031
"High_Prob_2",4685.24872225015,3087.51469575271,4685.24872225015
"High_Prob_3",NA,NA,NA
"High_Prob_4",NA,NA,NA
