"","LOB","MC","ROB"
"Low_Prob_Lower",NA,NA,NA
"Low_Prob_Upper",484.349845485493,86.5677002268917,484.522384516271
"Med_Prob_Lower",NA,NA,NA
"Med_Prob_Upper",364.071890522015,52.4900703809909,364.6947698041
"High_Prob_Lower",78.7719026493024,NA,79.7059901220064
"High_Prob_Upper",278.153832922072,NA,279.020894853355
