"","LOB","MC","ROB"
"Low_Prob_1",0.172356819564177,105.522926441906,124.712121378359
"Low_Prob_2",2.87011097231944,6930.18619524258,NA
"Low_Prob_3",489.45243379145,NA,NA
"Low_Prob_4",NA,NA,NA
"Med_Prob_1",1203.45823410399,528.646069353639,813.856711924483
"Med_Prob_2",NA,4793.01964536527,NA
"Med_Prob_3",NA,NA,NA
"Med_Prob_4",NA,NA,NA
"High_Prob_1",2384.27302242557,996.022014953283,1795.93265471362
"High_Prob_2",NA,3282.72233322079,7595.85383920017
"High_Prob_3",NA,NA,NA
"High_Prob_4",NA,NA,NA
