"","LOB","MC","ROB"
"Low_Prob",194.218133377122,20.8062340286511,0.682598389955535
"Med_Prob",159.168034667316,9.9419238192802,7.65025429948596
