"","LOB","MC","ROB","Species","Life_Stage","Hydraulic","Node"
"1",194.218133377122,20.8062340286511,0.682598389955535,"SAS","Fry","Depth","F37B_Low"
"2",159.168034667316,9.9419238192802,7.65025429948596,"SAS","Fry","Depth","F37B_Low"
