"","LOB","MC","ROB"
"Low_Prob",10.5950878869639,0.599386769322598,10.5950878869639
"Med_Prob",99.7954011499838,5.2573638772401,99.7954011499838
