"","LOB","MC","ROB"
"Low_Prob",26.2292575836182,26.2292575836182,465.013212109924
"Med_Prob",56.4002583415885,59.6063378102808,917.369775590638
