"","LOB","MC","ROB"
"Low_Prob",22.9843254089355,34.6928656831099,22.9843254089355
"Med_Prob",33.6125198911133,244.953032206665,60.8570154351962
