"","LOB","MC","ROB"
"Low_Prob",420.110299300686,24.5054531097412,614.9957285581
"Med_Prob",604.960783775895,58.5561627693834,791.821393230793
