"","LOB","MC","ROB"
"Low_Prob",1.24113004999337,0.407660650677706,1.23489575503601
"Med_Prob",13.2415970522261,4.30106896124067,13.0354547585435
