"","LOB","MC","ROB"
"Low_Prob",502.362379718796,NA,1175.99308825163
"Med_Prob",1651.00214480786,62.577335357666,1606.53067613053
