"","LOB","MC","ROB","Species","Life_Stage","Hydraulic","Node"
"1",0.23766546579938,0.10525706232921,0.23626527840884,"SAS","Fry","Velocity","LA20"
"2",53.8284271079339,24.1277443800169,53.5343030392694,"SAS","Fry","Velocity","LA20"
