"","LOB","MC","ROB","Species","Life_Stage","Hydraulic","Node"
"1",1.24113004999337,0.407660650677706,1.23489575503601,"SAS","Fry","Depth","LA20"
"2",13.2415970522261,4.30106896124067,13.0354547585435,"SAS","Fry","Depth","LA20"
