"","LOB","MC","ROB"
"Low_Prob",46.5073356628418,NA,46.5073356628418
"Med_Prob",114.201654523153,46.5073356628418,113.031196118864
