"","LOB","MC","ROB","Species","Life_Stage","Hydraulic","Node"
"1",8131.01965862682,0.0393057628861341,12411.117446945,"SAS","Fry","Velocity","LA20_2"
"2",8727.78406198801,1.04178872423416,13498.0876087634,"SAS","Fry","Velocity","LA20_2"
