"","LOB","MC","ROB"
"Low_Prob",7642.76741073315,1.38786012133658,14874.7758120908
"Med_Prob",7807.03729642144,14.591246855297,17727.0591023843
