"","LOB","MC","ROB"
"Low_Prob",61.8137588500977,NA,61.8137588500977
"Med_Prob",74.3025620024958,61.8137588500977,74.3025620024958
