"","LOB","MC","ROB","Species","Life_Stage","Hydraulic","Node"
"1",0.319930100469022,0.0274554559013263,0.00964419739375775,"Steelhead","Smolts","Velocity",11101250
"2",3696.39248164548,1003.17561589609,2893.76648051809,"Steelhead","Smolts","Velocity",11101250
