"","LOB","MC","ROB","Species","Life_Stage","Hydraulic","Node"
"1",31.9930100469022,4.14451389782144,1.60595706137407,"Steelhead","Smolts","Velocity",11101250
"2",3696.39248164548,1003.17561589609,2893.76648051809,"Steelhead","Smolts","Velocity",11101250
