"","LOB","MC","ROB","Species","Life_Stage","Hydraulic","Node"
"1",8086.05513015813,0.000393057628861341,12045.9950190542,"Steelhead","Smolts","Velocity","LA20_2"
"2",10400.0554092272,11.8660859651871,16622.9324882863,"Steelhead","Smolts","Velocity","LA20_2"
