"","LOB","MC","ROB","Species","Life_Stage","Hydraulic","Node"
"1",0.00157629152849471,0.0010525706232921,0.00157184053170723,"Steelhead","Smolts","Velocity","LA20"
"2",596.866790920227,271.500655446535,593.801961413443,"Steelhead","Smolts","Velocity","LA20"
