"","LOB","MC","ROB"
"Low_Prob_1",0,0,0
"Low_Prob_2",16912.978515625,16912.978515625,16912.978515625
"Low_Prob_3",NA,NA,NA
"Low_Prob_4",NA,NA,NA
"Med_Prob_1",49.3915745049685,16.1107424636706,48.6658079016108
"Med_Prob_2",391.103083616216,129.681306255432,386.613838193648
"Med_Prob_3",NA,NA,NA
"Med_Prob_4",NA,NA,NA
"High_Prob_1",86.3516535213078,28.2470408448224,85.1330586285276
"High_Prob_2",305.659401184177,101.045563296491,301.979351319045
"High_Prob_3",NA,NA,NA
"High_Prob_4",NA,NA,NA
