"","LOB","MC","ROB"
"Low_Prob_1",62.577335357666,62.577335357666,62.577335357666
"Low_Prob_2",50922.73828125,50922.73828125,50922.73828125
"Low_Prob_3",NA,NA,NA
"Low_Prob_4",NA,NA,NA
"Med_Prob_1",3195.36363244743,NA,3110.16181942175
"Med_Prob_2",9065.74634157003,NA,8833.78646550697
"Med_Prob_3",NA,NA,NA
"Med_Prob_4",NA,NA,NA
"High_Prob_1",4231.06021172345,NA,4119.01317566334
"High_Prob_2",8002.42935661288,NA,7795.97134713539
"High_Prob_3",NA,NA,NA
"High_Prob_4",NA,NA,NA
