"","LOB","MC","ROB"
"Low_Prob_1",62.577335357666,62.577335357666,62.577335357666
"Low_Prob_2",50922.73828125,50922.73828125,50922.73828125
"Low_Prob_3",NA,NA,NA
"Low_Prob_4",NA,NA,NA
"Med_Prob_1",3848.28943490109,87.1666660104797,3746.12028500238
"Med_Prob_2",11115.6471212239,NA,10835.4580769095
"Med_Prob_3",NA,NA,NA
"Med_Prob_4",NA,NA,NA
"High_Prob_1",5126.32857688136,NA,4991.37026536741
"High_Prob_2",9794.8601283184,NA,9545.56510376665
"High_Prob_3",NA,NA,NA
"High_Prob_4",NA,NA,NA
